feature_name,importance_score
historical_loss_ratio,0.9999999958373597
average_building_age,2.606359642719533e-09
pct_flood_zone_A_AE,5.542682759555039e-10
deductible_average,4.647518654006972e-10
pct_commercial,3.0076073917278655e-10
pct_wood_frame,1.7492089789444076e-10
pct_coastal_10km,6.157905360774632e-11
