model_name,mean_cv_r2,test_r2,test_mae,is_production_winner
Random Forest,0.9977175051639848,0.998711755917001,0.003888715931999826,False
Gradient Boosting,0.9980378912969542,0.9998600712128566,0.0014932940798854564,True
