model_name,mean_cv_r2,test_r2,test_mae,is_production_winner
Random Forest,0.9976858928823814,0.9987111197507512,0.0038868654406727403,False
Gradient Boosting,0.9980820062709359,0.9998600712128566,0.0014932940798854564,True
